City,State,Coordinates
Montgomery,Alabama,"32.3668052, -86.2999689"
Huntsville,Alabama,"34.7303688, -86.5861037"
Mobile,Alabama,"30.6953657, -88.0398912"
Tuscaloosa,Alabama,"33.2098407, -87.5691735"
Hoover,Alabama,"33.4053867, -86.8113781"
Madison,Alabama,"34.6992579, -86.7483318"
Auburn,Alabama,"32.6098566, -85.4807825"
Phenix City,Alabama,"32.4709761, -85.0007653"
Dothan,Alabama,"31.2232313, -85.3904888"
Decatur,Alabama,"34.6059253, -86.9833417"
Florence,Alabama,"34.79981, -87.677251"
Birmingham,Alabama,"33.5206608, -86.80249"
Anchorage,Alaska,"61.2180556, -149.9002778"
Flagstaff,Arizona,"35.1982836, -111.651302"
Lake Havasu City,Arizona,"34.483901, -114.3224548"
Prescott,Arizona,"34.5400242, -112.4685025"
Buckeye,Arizona,"33.3703197, -112.5837766"
Scottsdale,Arizona,"33.4941704, -111.9260519"
Gilbert,Arizona,"33.3528264, -111.789027"
Marana,Arizona,"32.436381, -111.2224422"
Tucson,Arizona,"32.2217429, -110.926479"
Oro Valley,Arizona,"32.3909071, -110.966488"
Mesa,Arizona,"33.4151843, -111.8314724"
Maricopa,Arizona,"33.0581063, -112.0476423"
Sierra Vista,Arizona,"31.5455001, -110.2772856"
Chandler,Arizona,"33.3061605, -111.8412502"
Apache Junction,Arizona,"33.4150485, -111.5495777"
Avondale,Arizona,"33.4355977, -112.3496021"
Casa Grande,Arizona,"32.8795022, -111.7573521"
Prescott Valley,Arizona,"34.6100243, -112.315721"
Surprise,Arizona,"33.6292337, -112.3679279"
Yuma,Arizona,"32.6926512, -114.6276916"
Phoenix,Arizona,"33.4483771, -112.0740373"
Glendale,Arizona,"33.5386523, -112.1859866"
Bullhead City,Arizona,"35.1359386, -114.5285981"
Peoria,Arizona,"33.5805955, -112.2373779"
Tempe,Arizona,"33.4255104, -111.9400054"
Goodyear,Arizona,"33.4353394, -112.3576567"
Fort Smith,Arkansas,"35.3859242, -94.3985475"
Rogers,Arkansas,"36.3320196, -94.1185366"
North Little Rock,Arkansas,"34.769536, -92.2670941"
Bentonville,Arkansas,"36.3728538, -94.2088172"
Little Rock,Arkansas,"34.7464809, -92.2895948"
Springdale,Arkansas,"36.1867442, -94.1288141"
Jonesboro,Arkansas,"35.8422967, -90.704279"
Pine Bluff,Arkansas,"34.2284312, -92.0031955"
Fayetteville,Arkansas,"36.0625795, -94.1574263"
Conway,Arkansas,"35.0886963, -92.4421011"
Perris,California,"33.7825194, -117.2286478"
Buena Park,California,"33.8675143, -117.9981181"
Westminster,California,"33.7513419, -117.9939921"
Rancho Palos Verdes,California,"33.7444613, -118.3870173"
Sacramento,California,"38.5815719, -121.4943996"
Covina,California,"34.0900091, -117.8903397"
Visalia,California,"36.3302284, -119.2920585"
Antioch,California,"38.0049214, -121.805789"
Murrieta,California,"33.5539143, -117.2139232"
Chino,California,"34.0122346, -117.688944"
Fountain Valley,California,"33.7091847, -117.9536697"
Tulare,California,"36.2077288, -119.3473379"
Chula Vista,California,"32.6400541, -117.0841955"
Concord,California,"37.9779776, -122.0310733"
Campbell,California,"37.2871651, -121.9499568"
Moreno Valley,California,"33.9424658, -117.2296717"
Dublin,California,"37.7021521, -121.9357918"
El Centro,California,"32.792, -115.5630514"
Pittsburg,California,"38.0279762, -121.8846806"
Brea,California,"33.9166805, -117.9000604"
Indio,California,"33.7205771, -116.2155619"
Glendora,California,"34.1361187, -117.865339"
Calexico,California,"32.6789476, -115.4988834"
Clovis,California,"36.8252277, -119.7029194"
Orange,California,"33.7877944, -117.8531119"
Walnut Creek,California,"37.9100783, -122.0651819"
Porterville,California,"36.06523, -119.0167679"
Napa,California,"38.2975381, -122.286865"
Apple Valley,California,"34.5008311, -117.1858759"
Upland,California,"34.09751, -117.6483876"
Modesto,California,"37.6390972, -120.9968782"
Jurupa Valley,California,"33.9971974, -117.4854802"
Bellflower,California,"33.8816818, -118.1170117"
Coachella,California,"33.6803003, -116.173894"
Riverside,California,"33.9533487, -117.3961564"
Palmdale,California,"34.5794343, -118.1164613"
Novato,California,"38.1074198, -122.5697032"
Mission Viejo,California,"33.6000232, -117.6719953"
Lincoln,California,"38.891565, -121.2930079"
Merced,California,"37.3021632, -120.4829677"
Yorba Linda,California,"33.8886259, -117.8131125"
San Buenaventura (Ventura),California,"34.274646, -119.2290316"
Fremont,California,"37.5482697, -121.9885719"
Pomona,California,"34.055103, -117.7499909"
Eastvale,California,"33.952463, -117.5848025"
Tustin,California,"33.7458511, -117.826166"
Escondido,California,"33.1192068, -117.086421"
San Bruno,California,"37.6304904, -122.4110835"
Berkeley,California,"37.8715926, -122.272747"
San Clemente,California,"33.4269728, -117.6119925"
La Habra,California,"33.9319578, -117.9461734"
Daly City,California,"37.6879241, -122.4702079"
San Mateo,California,"37.5629917, -122.3255254"
Lompoc,California,"34.6391501, -120.4579409"
Salinas,California,"36.6777372, -121.6555013"
Ceres,California,"37.5949316, -120.9577098"
Bell Gardens,California,"33.9652918, -118.1514588"
San Leandro,California,"37.7249296, -122.1560768"
Vista,California,"33.2000368, -117.2425355"
Lodi,California,"38.1341477, -121.2722194"
National City,California,"32.6781085, -117.0991967"
Hayward,California,"37.6688205, -122.0807964"
Hanford,California,"36.3274502, -119.6456844"
Cypress,California,"33.8169599, -118.0372852"
Vallejo,California,"38.1040864, -122.2566367"
Arcadia,California,"34.1397292, -118.0353449"
Alhambra,California,"34.095287, -118.1270146"
Citrus Heights,California,"38.7071247, -121.2810611"
Hawthorne,California,"33.9164032, -118.3525748"
Redlands,California,"34.0555693, -117.1825381"
Rialto,California,"34.1064001, -117.3703235"
Rancho Santa Margarita,California,"33.640855, -117.603104"
Palm Springs,California,"33.8302961, -116.5452921"
San Diego,California,"32.715738, -117.1610838"
Santa Rosa,California,"38.440429, -122.7140548"
Cathedral City,California,"33.7805388, -116.4668036"
Sunnyvale,California,"37.36883, -122.0363496"
Santa Cruz,California,"36.9741171, -122.0307963"
Tracy,California,"37.7396513, -121.4252227"
Palm Desert,California,"33.7222445, -116.3744556"
Camarillo,California,"34.2163937, -119.0376023"
Oakland,California,"37.8043637, -122.2711137"
Mountain View,California,"37.3860517, -122.0838511"
Lake Elsinore,California,"33.6680772, -117.3272615"
Monterey Park,California,"34.0625106, -118.1228476"
Madera,California,"36.9613356, -120.0607176"
Newport Beach,California,"33.6189101, -117.9289469"
Long Beach,California,"33.7700504, -118.1937395"
Chico,California,"39.7284944, -121.8374777"
Colton,California,"34.0739016, -117.3136547"
Montebello,California,"34.0165053, -118.1137535"
Pleasanton,California,"37.6624312, -121.8746789"
Fairfield,California,"38.2493581, -122.0399663"
Milpitas,California,"37.4323341, -121.8995741"
Placentia,California,"33.8722371, -117.8703363"
Montclair,California,"34.0775104, -117.6897776"
San Francisco,California,"37.7749295, -122.4194155"
Fontana,California,"34.0922335, -117.435048"
Chino Hills,California,"33.9898188, -117.7325848"
Poway,California,"32.9628232, -117.0358646"
San Jacinto,California,"33.7839084, -116.958635"
San Bernardino,California,"34.1083449, -117.2897652"
Victorville,California,"34.5362184, -117.2927641"
Morgan Hill,California,"37.1305012, -121.6543901"
Culver City,California,"34.0211224, -118.3964665"
Elk Grove,California,"38.4087993, -121.3716178"
Inglewood,California,"33.9616801, -118.3531311"
Pasadena,California,"34.1477849, -118.1445155"
Petaluma,California,"38.232417, -122.6366524"
Folsom,California,"38.6779591, -121.1760583"
Livermore,California,"37.6818745, -121.7680088"
Rohnert Park,California,"38.3396367, -122.7010984"
Alameda,California,"37.7652065, -122.2416355"
Manteca,California,"37.7974273, -121.2160526"
Yuba City,California,"39.1404477, -121.6169108"
Vacaville,California,"38.3565773, -121.9877444"
Santa Monica,California,"34.0194543, -118.4911912"
La Quinta,California,"33.6633573, -116.3100095"
Delano,California,"35.7688425, -119.2470536"
Corona,California,"33.8752935, -117.5664384"
Rocklin,California,"38.7907339, -121.2357828"
Santa Clarita,California,"34.3916641, -118.542586"
Hesperia,California,"34.4263886, -117.3008784"
Santa Ana,California,"33.7455731, -117.8678338"
Roseville,California,"38.7521235, -121.2880059"
Woodland,California,"38.6785157, -121.7732971"
Hemet,California,"33.7475203, -116.9719684"
San Marcos,California,"33.1433723, -117.1661449"
Lakewood,California,"33.8536269, -118.1339563"
El Cajon,California,"32.7947731, -116.9625269"
Redondo Beach,California,"33.8491816, -118.3884078"
Temecula,California,"33.4936391, -117.1483648"
Santee,California,"32.8383828, -116.9739167"
Oxnard,California,"34.1975048, -119.1770516"
Paramount,California,"33.8894598, -118.1597911"
Anaheim,California,"33.8352932, -117.9145036"
Monrovia,California,"34.1442616, -118.0019482"
South San Francisco,California,"37.654656, -122.4077498"
Whittier,California,"33.9791793, -118.032844"
Beaumont,California,"33.9294606, -116.977248"
Norwalk,California,"33.9022367, -118.081733"
Highland,California,"34.1283442, -117.2086513"
Rancho Cordova,California,"38.5890723, -121.302728"
Burbank,California,"34.1808392, -118.3089661"
Fullerton,California,"33.8703596, -117.9242966"
Pico Rivera,California,"33.9830688, -118.096735"
Cerritos,California,"33.8583483, -118.0647871"
La Puente,California,"34.0200114, -117.9495083"
San Jose,California,"37.3382082, -121.8863286"
Irvine,California,"33.6839473, -117.7946942"
Pacifica,California,"37.6138253, -122.4869194"
Lancaster,California,"34.6867846, -118.1541632"
Cupertino,California,"37.3229978, -122.0321823"
Gilroy,California,"37.0057816, -121.5682751"
Fresno,California,"36.7468422, -119.7725868"
San Gabriel,California,"34.0961111, -118.1058333"
Redwood City,California,"37.4852152, -122.2363548"
Union City,California,"37.5933918, -122.0438298"
Aliso Viejo,California,"33.5676842, -117.7256083"
Menifee,California,"33.6971468, -117.185294"
San Ramon,California,"37.7799273, -121.9780153"
Ontario,California,"34.0633443, -117.6508876"
Glendale,California,"34.1425078, -118.255075"
Gardena,California,"33.8883487, -118.3089624"
West Sacramento,California,"38.5804609, -121.530234"
San Rafael,California,"37.9735346, -122.5310874"
Simi Valley,California,"34.2694474, -118.781482"
West Covina,California,"34.0686208, -117.9389526"
Carson,California,"33.8316745, -118.281693"
Santa Maria,California,"34.9530337, -120.4357191"
La Mesa,California,"32.7678287, -117.0230839"
Turlock,California,"37.4946568, -120.8465941"
Martinez,California,"38.0193657, -122.1341321"
Thousand Oaks,California,"34.1705609, -118.8375937"
Azusa,California,"34.1336186, -117.9075627"
Torrance,California,"33.8358492, -118.3406288"
Oakley,California,"37.9974219, -121.7124536"
Palo Alto,California,"37.4418834, -122.1430195"
Brentwood,California,"37.931868, -121.6957863"
Davis,California,"38.5449065, -121.7405167"
La Mirada,California,"33.9172357, -118.0120086"
Garden Grove,California,"33.7739053, -117.9414477"
Lynwood,California,"33.930293, -118.2114603"
Los Angeles,California,"34.0522342, -118.2436849"
Yucaipa,California,"34.033625, -117.0430865"
Downey,California,"33.9401088, -118.1331593"
South Gate,California,"33.954737, -118.2120161"
Huntington Beach,California,"33.660297, -117.9992265"
Stanton,California,"33.8025155, -117.9931165"
Santa Clara,California,"37.3541079, -121.9552356"
Oceanside,California,"33.1958696, -117.3794834"
Lake Forest,California,"33.6469661, -117.689218"
Compton,California,"33.8958492, -118.2200712"
Stockton,California,"37.9577016, -121.2907796"
Laguna Niguel,California,"33.5225261, -117.7075526"
Costa Mesa,California,"33.6411316, -117.9186689"
Encinitas,California,"33.0369867, -117.2919818"
Huntington Park,California,"33.9816812, -118.2250725"
Richmond,California,"37.9357576, -122.3477486"
Newark,California,"37.5296593, -122.0402399"
Diamond Bar,California,"34.0286226, -117.8103367"
Baldwin Park,California,"34.0852868, -117.9608978"
San Luis Obispo,California,"35.2827524, -120.6596156"
Rosemead,California,"34.0805651, -118.072846"
Rancho Cucamonga,California,"34.1063989, -117.5931084"
Watsonville,California,"36.910231, -121.7568946"
Carlsbad,California,"33.1580933, -117.3505939"
Redding,California,"40.5865396, -122.3916754"
Bakersfield,California,"35.3732921, -119.0187125"
El Monte,California,"34.0686206, -118.0275667"
Danville,California,"37.8215929, -121.9999606"
Santa Barbara,California,"34.4208305, -119.6981901"
Parker,Colorado,"39.5186002, -104.7613633"
Lakewood,Colorado,"39.7047095, -105.0813734"
Thornton,Colorado,"39.8680412, -104.9719243"
Denver,Colorado,"39.7392358, -104.990251"
Littleton,Colorado,"39.613321, -105.0166498"
Aurora,Colorado,"39.7294319, -104.8319195"
Colorado Springs,Colorado,"38.8338816, -104.8213634"
Boulder,Colorado,"40.0149856, -105.2705456"
Pueblo,Colorado,"38.2544472, -104.6091409"
Commerce City,Colorado,"39.8083196, -104.9338675"
Fort Collins,Colorado,"40.5852602, -105.084423"
Arvada,Colorado,"39.8027644, -105.0874842"
Broomfield,Colorado,"39.9205411, -105.0866504"
Centennial,Colorado,"39.5807452, -104.8771726"
Grand Junction,Colorado,"39.0638705, -108.5506486"
Loveland,Colorado,"40.3977612, -105.0749801"
Longmont,Colorado,"40.1672068, -105.1019275"
Castle Rock,Colorado,"39.3722121, -104.8560902"
Westminster,Colorado,"39.8366528, -105.0372046"
Greeley,Colorado,"40.4233142, -104.7091322"
Northglenn,Colorado,"39.8961821, -104.9811468"
Waterbury,Connecticut,"41.5581525, -73.0514965"
Stamford,Connecticut,"41.0534302, -73.5387341"
West Haven,Connecticut,"41.2705484, -72.9469711"
Hartford,Connecticut,"41.7637111, -72.6850932"
Norwalk,Connecticut,"41.117744, -73.4081575"
Norwich,Connecticut,"41.5242649, -72.0759105"
New Haven,Connecticut,"41.308274, -72.9278835"
Shelton,Connecticut,"41.3164856, -73.0931641"
Milford,Connecticut,"41.2306979, -73.064036"
Meriden,Connecticut,"41.5381535, -72.8070435"
Middletown,Connecticut,"41.5623209, -72.6506488"
Bridgeport,Connecticut,"41.1865478, -73.1951767"
Bristol,Connecticut,"41.6717648, -72.9492703"
New Britain,Connecticut,"41.6612104, -72.7795419"
Danbury,Connecticut,"41.394817, -73.4540111"
Dover,Delaware,"39.158168, -75.5243682"
Wilmington,Delaware,"39.7390721, -75.5397878"
Washington,District of Columbia,"38.9071923, -77.0368707"
West Palm Beach,Florida,"26.7153424, -80.0533746"
Doral,Florida,"25.8195424, -80.3553302"
Daytona Beach,Florida,"29.2108147, -81.0228331"
North Lauderdale,Florida,"26.217305, -80.2258811"
Deerfield Beach,Florida,"26.3184123, -80.0997657"
Coral Springs,Florida,"26.271192, -80.2706044"
Apopka,Florida,"28.6934076, -81.5322149"
Hollywood,Florida,"26.0112014, -80.1494901"
Tallahassee,Florida,"30.4382559, -84.2807329"
Fort Myers,Florida,"26.640628, -81.8723084"
Tampa,Florida,"27.950575, -82.4571776"
Plantation,Florida,"26.1275862, -80.2331036"
Sarasota,Florida,"27.3364347, -82.5306527"
Jacksonville,Florida,"30.3321838, -81.655651"
Orlando,Florida,"28.5383355, -81.3792365"
Pinellas Park,Florida,"27.8428025, -82.6995443"
North Miami Beach,Florida,"25.9331488, -80.1625463"
North Miami,Florida,"25.8900949, -80.1867138"
Miami Gardens,Florida,"25.9420377, -80.2456045"
Melbourne,Florida,"28.0836269, -80.6081089"
Palm Bay,Florida,"28.0344621, -80.5886646"
Sanford,Florida,"28.8028612, -81.269453"
Oakland Park,Florida,"26.1723065, -80.1319893"
Boynton Beach,Florida,"26.5317866, -80.0905465"
Pompano Beach,Florida,"26.2378597, -80.1247667"
Davie,Florida,"26.0764783, -80.2521157"
Sunrise,Florida,"26.1669711, -80.256595"
Pensacola,Florida,"30.421309, -87.2169149"
Lakeland,Florida,"28.0394654, -81.9498042"
Jupiter,Florida,"26.9342246, -80.0942087"
St. Cloud,Florida,"28.2489016, -81.2811801"
Palm Coast,Florida,"29.5844524, -81.2078699"
Altamonte Springs,Florida,"28.6611089, -81.3656242"
Port Orange,Florida,"29.1383165, -80.9956105"
St. Petersburg,Florida,"27.773056, -82.64"
Port St. Lucie,Florida,"27.2730492, -80.3582261"
Ormond Beach,Florida,"29.2858129, -81.0558894"
Tamarac,Florida,"26.2128609, -80.2497707"
Pembroke Pines,Florida,"26.007765, -80.2962555"
Deltona,Florida,"28.9005446, -81.2636738"
Bonita Springs,Florida,"26.339806, -81.7786972"
North Port,Florida,"27.044224, -82.2359254"
Homestead,Florida,"25.4687224, -80.4775569"
Cape Coral,Florida,"26.5628537, -81.9495331"
Largo,Florida,"27.9094665, -82.7873244"
Palm Beach Gardens,Florida,"26.8233946, -80.1386547"
Hallandale Beach,Florida,"25.9812024, -80.148379"
Hialeah,Florida,"25.8575963, -80.2781057"
Gainesville,Florida,"29.6516344, -82.3248262"
Aventura,Florida,"25.9564812, -80.1392121"
Winter Garden,Florida,"28.5652787, -81.5861847"
Greenacres,Florida,"26.6276276, -80.1353896"
Ocoee,Florida,"28.5691677, -81.5439619"
Panama City,Florida,"30.1588129, -85.6602058"
Fort Pierce,Florida,"27.4467056, -80.3256056"
Ocala,Florida,"29.1871986, -82.1400923"
Boca Raton,Florida,"26.3683064, -80.1289321"
Lauderhill,Florida,"26.1403635, -80.2133808"
Delray Beach,Florida,"26.4614625, -80.0728201"
Wellington,Florida,"26.6617635, -80.2683571"
Weston,Florida,"26.1003654, -80.3997748"
Titusville,Florida,"28.6122187, -80.8075537"
Miami Beach,Florida,"25.790654, -80.1300455"
Miramar,Florida,"25.9860762, -80.3035602"
Coconut Creek,Florida,"26.2517482, -80.1789351"
Bradenton,Florida,"27.4989278, -82.5748194"
Fort Lauderdale,Florida,"26.1224386, -80.1373174"
Clearwater,Florida,"27.9658533, -82.8001026"
Cutler Bay,Florida,"25.5808323, -80.3468593"
Margate,Florida,"26.2445263, -80.206436"
Miami,Florida,"25.7616798, -80.1917902"
Coral Gables,Florida,"25.72149, -80.2683838"
Kissimmee,Florida,"28.2919557, -81.407571"
Marietta,Georgia,"33.952602, -84.5499327"
Columbus,Georgia,"32.4609764, -84.9877094"
Smyrna,Georgia,"33.8839926, -84.5143761"
Athens-Clarke County,Georgia,"33.9519347, -83.357567"
Johns Creek,Georgia,"34.0289259, -84.198579"
Macon,Georgia,"32.8406946, -83.6324022"
Atlanta,Georgia,"33.7489954, -84.3879824"
Savannah,Georgia,"32.0835407, -81.0998342"
Peachtree Corners,Georgia,"33.9698929, -84.2214551"
Dunwoody,Georgia,"33.9462125, -84.3346473"
Sandy Springs,Georgia,"33.9304352, -84.3733147"
Alpharetta,Georgia,"34.0753762, -84.2940899"
Valdosta,Georgia,"30.8327022, -83.2784851"
Brookhaven,Georgia,"33.8651033, -84.3365917"
Roswell,Georgia,"34.0232431, -84.3615555"
Augusta-Richmond County,Georgia,"33.4734978, -82.0105148"
Albany,Georgia,"31.5785074, -84.155741"
Warner Robins,Georgia,"32.6130007, -83.624201"
Honolulu,Hawaii,"21.3069444, -157.8583333"
Boise City,Idaho,"43.6187102, -116.2146068"
Caldwell,Idaho,"43.6629384, -116.6873596"
Meridian,Idaho,"43.6121087, -116.3915131"
Nampa,Idaho,"43.5407172, -116.5634624"
Idaho Falls,Idaho,"43.4916514, -112.0339645"
Pocatello,Idaho,"42.8713032, -112.4455344"
Twin Falls,Idaho,"42.5629668, -114.4608711"
Coeur d'Alene,Idaho,"47.6776832, -116.7804664"
Aurora,Illinois,"41.7605849, -88.3200715"
DeKalb,Illinois,"41.9294736, -88.7503647"
Naperville,Illinois,"41.7508391, -88.1535352"
Oak Lawn,Illinois,"41.719978, -87.7479528"
Springfield,Illinois,"39.7817213, -89.6501481"
Calumet City,Illinois,"41.6155909, -87.5294871"
Oak Park,Illinois,"41.8850317, -87.7845025"
Bolingbrook,Illinois,"41.6986416, -88.0683955"
Glenview,Illinois,"42.0697509, -87.7878408"
Belleville,Illinois,"38.5200504, -89.9839935"
Wheeling,Illinois,"42.1391927, -87.9289591"
Buffalo Grove,Illinois,"42.1662831, -87.9631308"
Decatur,Illinois,"39.8403147, -88.9548001"
Mount Prospect,Illinois,"42.0664167, -87.9372908"
Wheaton,Illinois,"41.8661403, -88.1070127"
Peoria,Illinois,"40.6936488, -89.5889864"
Elmhurst,Illinois,"41.8994744, -87.9403418"
Quincy,Illinois,"39.9356016, -91.4098726"
Bloomington,Illinois,"40.4842027, -88.9936873"
Streamwood,Illinois,"42.0255827, -88.1784085"
Rock Island,Illinois,"41.5094771, -90.5787476"
Des Plaines,Illinois,"42.0333623, -87.8833991"
Palatine,Illinois,"42.1103041, -88.03424"
Schaumburg,Illinois,"42.0333607, -88.0834059"
Chicago,Illinois,"41.8781136, -87.6297982"
Lombard,Illinois,"41.8800296, -88.0078435"
Skokie,Illinois,"42.0324025, -87.7416246"
Arlington Heights,Illinois,"42.0883603, -87.9806265"
Rockford,Illinois,"42.2711311, -89.0939952"
Downers Grove,Illinois,"41.8089191, -88.0111746"
Moline,Illinois,"41.5067003, -90.5151342"
Carol Stream,Illinois,"41.9125286, -88.1347927"
Joliet,Illinois,"41.525031, -88.0817251"
Plainfield,Illinois,"41.632223, -88.2120315"
Hoffman Estates,Illinois,"42.0629915, -88.1227199"
Champaign,Illinois,"40.1164204, -88.2433829"
Berwyn,Illinois,"41.8505874, -87.7936685"
Carpentersville,Illinois,"42.1211364, -88.2578582"
Elgin,Illinois,"42.0354084, -88.2825668"
Waukegan,Illinois,"42.3636331, -87.8447938"
Tinley Park,Illinois,"41.5731442, -87.7932939"
Urbana,Illinois,"40.1105875, -88.2072697"
Orland Park,Illinois,"41.6303103, -87.8539425"
Evanston,Illinois,"42.0450722, -87.6876969"
Cicero,Illinois,"41.8455877, -87.7539448"
Park Ridge,Illinois,"42.0111412, -87.8406192"
Hanover Park,Illinois,"41.9994722, -88.1450735"
Bartlett,Illinois,"41.9950276, -88.1856301"
Crystal Lake,Illinois,"42.2411344, -88.3161965"
Addison,Illinois,"41.931696, -87.9889556"
Normal,Illinois,"40.5142026, -88.9906312"
Romeoville,Illinois,"41.6475306, -88.0895061"
Elkhart,Indiana,"41.6819935, -85.9766671"
Bloomington,Indiana,"39.165325, -86.5263857"
Fishers,Indiana,"39.9567548, -86.01335"
Noblesville,Indiana,"40.0455917, -86.0085955"
Lawrence,Indiana,"39.8386516, -86.0252612"
Mishawaka,Indiana,"41.6619927, -86.1586156"
Fort Wayne,Indiana,"41.079273, -85.1393513"
Greenwood,Indiana,"39.6136578, -86.1066526"
Hammond,Indiana,"41.5833688, -87.5000412"
Kokomo,Indiana,"40.486427, -86.1336033"
Indianapolis,Indiana,"39.768403, -86.158068"
Lafayette,Indiana,"40.4167022, -86.8752869"
Muncie,Indiana,"40.1933767, -85.3863599"
Gary,Indiana,"41.5933696, -87.3464271"
Carmel,Indiana,"39.978371, -86.1180435"
South Bend,Indiana,"41.6763545, -86.2519898"
Anderson,Indiana,"40.1053196, -85.6802541"
Evansville,Indiana,"37.9715592, -87.5710898"
Jeffersonville,Indiana,"38.2775702, -85.7371847"
Terre Haute,Indiana,"39.4667034, -87.4139092"
Columbus,Indiana,"39.2014404, -85.9213796"
Urbandale,Iowa,"41.6266555, -93.7121656"
Council Bluffs,Iowa,"41.2619444, -95.8608333"
West Des Moines,Iowa,"41.5772115, -93.711332"
Waterloo,Iowa,"42.492786, -92.3425775"
Ankeny,Iowa,"41.7317884, -93.6001278"
Dubuque,Iowa,"42.5005583, -90.6645718"
Ames,Iowa,"42.034722, -93.62"
Cedar Falls,Iowa,"42.5348993, -92.4453161"
Cedar Rapids,Iowa,"41.9778795, -91.6656232"
Iowa City,Iowa,"41.6611277, -91.5301683"
Des Moines,Iowa,"41.6005448, -93.6091064"
Davenport,Iowa,"41.5236437, -90.5776367"
Sioux City,Iowa,"42.4999942, -96.4003069"
Overland Park,Kansas,"38.9822282, -94.6707917"
Lenexa,Kansas,"38.9536174, -94.7335709"
Lawrence,Kansas,"38.9716689, -95.2352501"
Kansas City,Kansas,"39.114053, -94.6274636"
Olathe,Kansas,"38.8813958, -94.8191285"
Manhattan,Kansas,"39.1836082, -96.5716694"
Wichita,Kansas,"37.688889, -97.336111"
Hutchinson,Kansas,"38.0608445, -97.9297743"
Shawnee,Kansas,"39.0228485, -94.7151865"
Salina,Kansas,"38.8402805, -97.6114237"
Topeka,Kansas,"39.0558235, -95.6890185"
Covington,Kentucky,"39.0836712, -84.5085536"
Owensboro,Kentucky,"37.7719074, -87.1111676"
Lexington-Fayette,Kentucky,"38.0405837, -84.5037164"
Bowling Green,Kentucky,"36.9685219, -86.4808043"
Louisville,Kentucky,"38.2526647, -85.7584557"
Lafayette,Louisiana,"30.2240897, -92.0198427"
New Orleans,Louisiana,"29.9510658, -90.0715323"
Alexandria,Louisiana,"31.3112936, -92.4451371"
Kenner,Louisiana,"29.9940924, -90.2417434"
Shreveport,Louisiana,"32.5251516, -93.7501789"
Bossier City,Louisiana,"32.5159852, -93.7321228"
Monroe,Louisiana,"32.5093109, -92.1193012"
Baton Rouge,Louisiana,"30.4582829, -91.1403196"
Lake Charles,Louisiana,"30.2265949, -93.2173758"
Portland,Maine,"43.661471, -70.2553259"
Gaithersburg,Maryland,"39.1434406, -77.2013705"
Frederick,Maryland,"39.4142688, -77.4105409"
Annapolis,Maryland,"38.9784453, -76.4921829"
Hagerstown,Maryland,"39.6417629, -77.7199932"
Rockville,Maryland,"39.0839973, -77.1527578"
Baltimore,Maryland,"39.2903848, -76.6121893"
Bowie,Maryland,"39.0067768, -76.7791365"
Worcester,Massachusetts,"42.2625932, -71.8022934"
Salem,Massachusetts,"42.51954, -70.8967155"
Woburn,Massachusetts,"42.4792618, -71.1522765"
Fall River,Massachusetts,"41.7014912, -71.1550451"
Boston,Massachusetts,"42.3600825, -71.0588801"
Weymouth Town,Massachusetts,"42.2180724, -70.9410356"
Waltham,Massachusetts,"42.3764852, -71.2356113"
Marlborough,Massachusetts,"42.3459271, -71.5522874"
Malden,Massachusetts,"42.4250964, -71.066163"
Chelsea,Massachusetts,"42.3917638, -71.0328284"
Medford,Massachusetts,"42.4184296, -71.1061639"
Fitchburg,Massachusetts,"42.5834228, -71.8022955"
Newton,Massachusetts,"42.3370413, -71.2092214"
Springfield,Massachusetts,"42.1014831, -72.589811"
Lowell,Massachusetts,"42.6334247, -71.3161718"
Taunton,Massachusetts,"41.900101, -71.0897674"
Lawrence,Massachusetts,"42.7070354, -71.1631137"
Barnstable Town,Massachusetts,"41.7003208, -70.3002024"
Holyoke,Massachusetts,"42.2042586, -72.6162009"
Peabody,Massachusetts,"42.5278731, -70.9286609"
Revere,Massachusetts,"42.4084302, -71.0119948"
Quincy,Massachusetts,"42.2528772, -71.0022705"
Brockton,Massachusetts,"42.0834335, -71.0183787"
Beverly,Massachusetts,"42.5584283, -70.880049"
Attleboro,Massachusetts,"41.9445441, -71.2856082"
Methuen,Massachusetts,"42.7262016, -71.1908924"
Pittsfield,Massachusetts,"42.4500845, -73.2453824"
Somerville,Massachusetts,"42.3875968, -71.0994968"
Westfield,Massachusetts,"42.1250929, -72.749538"
Lynn,Massachusetts,"42.466763, -70.9494938"
New Bedford,Massachusetts,"41.6362152, -70.934205"
Chicopee,Massachusetts,"42.1487043, -72.6078672"
Haverhill,Massachusetts,"42.7762015, -71.0772796"
Cambridge,Massachusetts,"42.3736158, -71.1097335"
Everett,Massachusetts,"42.40843, -71.0536625"
Leominster,Massachusetts,"42.5250906, -71.759794"
Southfield,Michigan,"42.4733688, -83.2218731"
Sterling Heights,Michigan,"42.5803122, -83.0302033"
Lincoln Park,Michigan,"42.2505943, -83.1785361"
Flint,Michigan,"43.0125274, -83.6874562"
Grand Rapids,Michigan,"42.9633599, -85.6680863"
St. Clair Shores,Michigan,"42.4974085, -82.8963604"
Kentwood,Michigan,"42.8694731, -85.6447492"
Taylor,Michigan,"42.240872, -83.2696509"
Pontiac,Michigan,"42.6389216, -83.2910468"
Kalamazoo,Michigan,"42.2917069, -85.5872286"
Muskegon,Michigan,"43.2341813, -86.2483921"
Battle Creek,Michigan,"42.3211522, -85.1797142"
Warren,Michigan,"42.5144566, -83.0146526"
Midland,Michigan,"43.6155825, -84.2472116"
Rochester Hills,Michigan,"42.6583661, -83.1499322"
Portage,Michigan,"42.2011538, -85.5800022"
Ann Arbor,Michigan,"42.2808256, -83.7430378"
East Lansing,Michigan,"42.7369792, -84.4838654"
Livonia,Michigan,"42.36837, -83.3527097"
Dearborn Heights,Michigan,"42.3369816, -83.2732627"
Farmington Hills,Michigan,"42.4989936, -83.3677168"
Dearborn,Michigan,"42.3222599, -83.1763145"
Lansing,Michigan,"42.732535, -84.5555347"
Roseville,Michigan,"42.4972583, -82.9371409"
Novi,Michigan,"42.48059, -83.4754913"
Troy,Michigan,"42.6064095, -83.1497751"
Royal Oak,Michigan,"42.4894801, -83.1446485"
Westland,Michigan,"42.324204, -83.400211"
Wyoming,Michigan,"42.9133602, -85.7053085"
Saginaw,Michigan,"43.4194699, -83.9508068"
Detroit,Michigan,"42.331427, -83.0457538"
Eagan,Minnesota,"44.8041322, -93.1668858"
Burnsville,Minnesota,"44.7677424, -93.2777226"
Brooklyn Park,Minnesota,"45.0941315, -93.3563405"
Rochester,Minnesota,"44.0121221, -92.4801989"
Duluth,Minnesota,"46.7866719, -92.1004852"
Shakopee,Minnesota,"44.7973962, -93.5272861"
Minneapolis,Minnesota,"44.977753, -93.2650108"
St. Cloud,Minnesota,"45.5579451, -94.1632404"
Coon Rapids,Minnesota,"45.1732394, -93.3030063"
Blaine,Minnesota,"45.1607987, -93.2349489"
Lakeville,Minnesota,"44.6496868, -93.24272"
Bloomington,Minnesota,"44.840798, -93.2982799"
Moorhead,Minnesota,"46.8737648, -96.7678039"
Maplewood,Minnesota,"44.9530215, -92.9952153"
St. Paul,Minnesota,"44.9537029, -93.0899578"
Apple Valley,Minnesota,"44.7319094, -93.21772"
Plymouth,Minnesota,"45.0105194, -93.4555093"
Maple Grove,Minnesota,"45.0724642, -93.4557877"
Mankato,Minnesota,"44.1635775, -93.9993996"
Woodbury,Minnesota,"44.9238552, -92.9593797"
St. Louis Park,Minnesota,"44.9597376, -93.3702186"
Eden Prairie,Minnesota,"44.8546856, -93.470786"
Minnetonka,Minnesota,"44.9211836, -93.4687489"
Edina,Minnesota,"44.8896866, -93.3499489"
Jackson,Mississippi,"32.2987573, -90.1848103"
Southaven,Mississippi,"34.9889818, -90.0125913"
Gulfport,Mississippi,"30.3674198, -89.0928155"
Hattiesburg,Mississippi,"31.3271189, -89.2903392"
Meridian,Mississippi,"32.3643098, -88.703656"
Biloxi,Mississippi,"30.3960318, -88.8853078"
Kansas City,Missouri,"39.0997265, -94.5785667"
St. Charles,Missouri,"38.7881062, -90.4974359"
Florissant,Missouri,"38.789217, -90.322614"
St. Louis,Missouri,"38.6270025, -90.1994042"
Jefferson City,Missouri,"38.5767017, -92.1735164"
Cape Girardeau,Missouri,"37.3058839, -89.5181476"
St. Peters,Missouri,"38.7874699, -90.6298922"
Lee's Summit,Missouri,"38.9108408, -94.3821724"
Columbia,Missouri,"38.9517053, -92.3340724"
St. Joseph,Missouri,"39.7674578, -94.846681"
Blue Springs,Missouri,"39.0169509, -94.2816148"
O'Fallon,Missouri,"38.8106075, -90.6998477"
Springfield,Missouri,"37.2089572, -93.2922989"
Chesterfield,Missouri,"38.6631083, -90.5770675"
Independence,Missouri,"39.0911161, -94.4155068"
Joplin,Missouri,"37.0842271, -94.513281"
Missoula,Montana,"46.8787176, -113.996586"
Bozeman,Montana,"45.6769979, -111.0429339"
Billings,Montana,"45.7832856, -108.5006904"
Great Falls,Montana,"47.4941836, -111.2833449"
Lincoln,Nebraska,"40.8257625, -96.6851982"
Omaha,Nebraska,"41.2523634, -95.9979883"
Grand Island,Nebraska,"40.9263957, -98.3420118"
Bellevue,Nebraska,"41.1543623, -95.9145568"
Henderson,Nevada,"36.0395247, -114.9817213"
Reno,Nevada,"39.5296329, -119.8138027"
North Las Vegas,Nevada,"36.1988592, -115.1175013"
Sparks,Nevada,"39.5349112, -119.7526886"
Las Vegas,Nevada,"36.1699412, -115.1398296"
Carson City,Nevada,"39.1637984, -119.7674034"
Nashua,New Hampshire,"42.7653662, -71.467566"
Manchester,New Hampshire,"42.9956397, -71.4547891"
Concord,New Hampshire,"43.2081366, -71.5375718"
Trenton,New Jersey,"40.2170534, -74.7429384"
Atlantic City,New Jersey,"39.3642834, -74.4229266"
Passaic,New Jersey,"40.8567662, -74.1284764"
Newark,New Jersey,"40.735657, -74.1723667"
Union City,New Jersey,"40.6975898, -74.2631635"
Hackensack,New Jersey,"40.8859325, -74.0434736"
Camden,New Jersey,"39.9259463, -75.1196199"
Elizabeth,New Jersey,"40.6639916, -74.2107006"
New Brunswick,New Jersey,"40.4862157, -74.4518188"
Kearny,New Jersey,"40.7684342, -74.1454214"
Perth Amboy,New Jersey,"40.5067723, -74.2654234"
Bayonne,New Jersey,"40.6687141, -74.1143091"
Jersey City,New Jersey,"40.7281575, -74.0776417"
Hoboken,New Jersey,"40.7439905, -74.0323626"
Clifton,New Jersey,"40.8584328, -74.1637553"
Plainfield,New Jersey,"40.6337136, -74.4073736"
East Orange,New Jersey,"40.767323, -74.2048677"
Vineland,New Jersey,"39.4863773, -75.0259637"
West New York,New Jersey,"40.7878788, -74.0143064"
Linden,New Jersey,"40.6220478, -74.2445902"
Sayreville,New Jersey,"40.4594021, -74.360846"
Paterson,New Jersey,"40.9167654, -74.171811"
Roswell,New Mexico,"33.3942655, -104.5230242"
Santa Fe,New Mexico,"35.6869752, -105.937799"
Albuquerque,New Mexico,"35.0853336, -106.6055534"
Clovis,New Mexico,"34.4047987, -103.2052272"
Las Cruces,New Mexico,"32.3199396, -106.7636538"
Farmington,New Mexico,"36.7280583, -108.2186856"
Rio Rancho,New Mexico,"35.2327544, -106.6630437"
Buffalo,New York,"42.8864468, -78.8783689"
Mount Vernon,New York,"40.9125992, -73.8370786"
Schenectady,New York,"42.8142432, -73.9395687"
Binghamton,New York,"42.0986867, -75.9179738"
Albany,New York,"42.6525793, -73.7562317"
Yonkers,New York,"40.9312099, -73.8987469"
Niagara Falls,New York,"43.0962143, -79.0377388"
Hempstead,New York,"40.7062128, -73.6187397"
Troy,New York,"42.7284117, -73.6917851"
Syracuse,New York,"43.0481221, -76.1474244"
Valley Stream,New York,"40.6642699, -73.7084645"
White Plains,New York,"41.0339862, -73.7629097"
Freeport,New York,"40.6576022, -73.5831835"
Utica,New York,"43.100903, -75.232664"
New York,New York,"40.7127837, -74.0059413"
New Rochelle,New York,"40.9114882, -73.7823549"
Rochester,New York,"43.16103, -77.6109219"
Gastonia,North Carolina,"35.262082, -81.1873005"
Greenville,North Carolina,"35.612661, -77.3663538"
Concord,North Carolina,"35.4087517, -80.579511"
Chapel Hill,North Carolina,"35.9131996, -79.0558445"
Raleigh,North Carolina,"35.7795897, -78.6381787"
Cary,North Carolina,"35.79154, -78.7811169"
Huntersville,North Carolina,"35.410694, -80.8428504"
Wilmington,North Carolina,"34.2257255, -77.9447102"
Wilson,North Carolina,"35.7212689, -77.9155395"
Rocky Mount,North Carolina,"35.9382103, -77.7905339"
Greensboro,North Carolina,"36.0726354, -79.7919754"
Jacksonville,North Carolina,"34.7540524, -77.4302414"
Durham,North Carolina,"35.9940329, -78.898619"
Charlotte,North Carolina,"35.2270869, -80.8431267"
Kannapolis,North Carolina,"35.4873613, -80.6217341"
High Point,North Carolina,"35.9556923, -80.0053176"
Winston-Salem,North Carolina,"36.0998596, -80.244216"
Asheville,North Carolina,"35.5950581, -82.5514869"
Apex,North Carolina,"35.732652, -78.8502856"
Burlington,North Carolina,"36.0956918, -79.4377991"
Fayetteville,North Carolina,"35.0526641, -78.8783585"
Hickory,North Carolina,"35.7344538, -81.3444573"
Grand Forks,North Dakota,"47.9252568, -97.0328547"
Fargo,North Dakota,"46.8771863, -96.7898034"
Minot,North Dakota,"48.2329668, -101.2922906"
Bismarck,North Dakota,"46.8083268, -100.7837392"
Cleveland,Ohio,"41.49932, -81.6943605"
Lima,Ohio,"40.742551, -84.1052256"
Lancaster,Ohio,"39.7136754, -82.5993294"
Kettering,Ohio,"39.6895036, -84.1688274"
Columbus,Ohio,"39.9611755, -82.9987942"
Cuyahoga Falls,Ohio,"41.1339449, -81.4845585"
Grove City,Ohio,"39.8814519, -83.0929644"
Parma,Ohio,"41.4047742, -81.7229086"
Cincinnati,Ohio,"39.1031182, -84.5120196"
Toledo,Ohio,"41.6639383, -83.555212"
Youngstown,Ohio,"41.0997803, -80.6495194"
Mansfield,Ohio,"40.75839, -82.5154471"
Dublin,Ohio,"40.0992294, -83.1140771"
Findlay,Ohio,"41.04422, -83.6499321"
Strongsville,Ohio,"41.3144966, -81.83569"
Dayton,Ohio,"39.7589478, -84.1916069"
Euclid,Ohio,"41.5931049, -81.5267873"
Warren,Ohio,"41.2375569, -80.8184166"
Huber Heights,Ohio,"39.843947, -84.1246608"
Hamilton,Ohio,"39.3995008, -84.5613355"
Springfield,Ohio,"39.9242266, -83.8088171"
Mentor,Ohio,"41.6661573, -81.339552"
Elyria,Ohio,"41.3683798, -82.1076486"
Middletown,Ohio,"39.5150576, -84.3982763"
Newark,Ohio,"40.0581205, -82.4012642"
Westerville,Ohio,"40.1261743, -82.9290696"
Lakewood,Ohio,"41.4819932, -81.7981908"
Canton,Ohio,"40.7989473, -81.378447"
Cleveland Heights,Ohio,"41.5200518, -81.556235"
Akron,Ohio,"41.0814447, -81.5190053"
Lorain,Ohio,"41.452819, -82.1823746"
Beavercreek,Ohio,"39.7092262, -84.0632685"
Fairfield,Ohio,"39.3454673, -84.5603187"
Tulsa,Oklahoma,"36.1539816, -95.992775"
Oklahoma City,Oklahoma,"35.4675602, -97.5164276"
Lawton,Oklahoma,"34.6035669, -98.3959291"
Broken Arrow,Oklahoma,"36.060949, -95.7974526"
Midwest City,Oklahoma,"35.4495065, -97.3967019"
Stillwater,Oklahoma,"36.1156071, -97.0583681"
Edmond,Oklahoma,"35.6528323, -97.4780954"
Enid,Oklahoma,"36.3955891, -97.8783911"
Norman,Oklahoma,"35.2225668, -97.4394777"
Moore,Oklahoma,"35.3395079, -97.4867028"
Muskogee,Oklahoma,"35.7478769, -95.3696909"
Portland,Oregon,"45.5230622, -122.6764816"
Bend,Oregon,"44.0581728, -121.3153096"
Tigard,Oregon,"45.4312294, -122.7714861"
Eugene,Oregon,"44.0520691, -123.0867536"
Beaverton,Oregon,"45.487062, -122.8037102"
Hillsboro,Oregon,"45.5228939, -122.989827"
Lake Oswego,Oregon,"45.4206749, -122.6706498"
Medford,Oregon,"42.3265152, -122.8755949"
Albany,Oregon,"44.6365107, -123.1059282"
Springfield,Oregon,"44.0462362, -123.0220289"
Corvallis,Oregon,"44.5645659, -123.2620435"
Gresham,Oregon,"45.5001357, -122.4302013"
Keizer,Oregon,"44.9901194, -123.0262077"
Salem,Oregon,"44.9428975, -123.0350963"
Allentown,Pennsylvania,"40.6084305, -75.4901833"
Philadelphia,Pennsylvania,"39.9525839, -75.1652215"
Lancaster,Pennsylvania,"40.0378755, -76.3055144"
Erie,Pennsylvania,"42.1292241, -80.085059"
Harrisburg,Pennsylvania,"40.2731911, -76.8867008"
State College,Pennsylvania,"40.7933949, -77.8600012"
Wilkes-Barre,Pennsylvania,"41.2459149, -75.8813075"
York,Pennsylvania,"39.9625984, -76.727745"
Scranton,Pennsylvania,"41.408969, -75.6624122"
Bethlehem,Pennsylvania,"40.6259316, -75.3704579"
Reading,Pennsylvania,"40.3356483, -75.9268747"
Altoona,Pennsylvania,"40.5186809, -78.3947359"
Pittsburgh,Pennsylvania,"40.4406248, -79.9958864"
East Providence,Rhode Island,"41.8137116, -71.3700545"
Woonsocket,Rhode Island,"42.0028761, -71.5147839"
Cranston,Rhode Island,"41.7798226, -71.4372796"
Pawtucket,Rhode Island,"41.878711, -71.3825558"
Providence,Rhode Island,"41.8239891, -71.4128343"
Warwick,Rhode Island,"41.7001009, -71.4161671"
Columbia,South Carolina,"34.0007104, -81.0348144"
Mount Pleasant,South Carolina,"32.8323225, -79.8284258"
Greenville,South Carolina,"34.8526176, -82.3940104"
Spartanburg,South Carolina,"34.9495672, -81.9320482"
Florence,South Carolina,"34.1954331, -79.7625625"
Charleston,South Carolina,"32.7764749, -79.9310512"
Goose Creek,South Carolina,"32.9810059, -80.0325867"
Sumter,South Carolina,"33.9204354, -80.3414693"
Rock Hill,South Carolina,"34.9248667, -81.0250784"
Hilton Head Island,South Carolina,"32.216316, -80.752608"
Summerville,South Carolina,"33.0185039, -80.1756481"
North Charleston,South Carolina,"32.8546197, -79.9748103"
Rapid City,South Dakota,"44.0805434, -103.2310149"
Sioux Falls,South Dakota,"43.5445959, -96.7311034"
Kingsport,Tennessee,"36.548434, -82.5618186"
Franklin,Tennessee,"35.9250637, -86.8688899"
Bartlett,Tennessee,"35.2045328, -89.8739753"
Collierville,Tennessee,"35.042036, -89.6645266"
Nashville,Tennessee,"36.1626638, -86.7816016"
Johnson City,Tennessee,"36.3134397, -82.3534727"
Clarksville,Tennessee,"36.5297706, -87.3594528"
Knoxville,Tennessee,"35.9606384, -83.9207392"
Murfreesboro,Tennessee,"35.8456213, -86.39027"
Germantown,Tennessee,"35.0867577, -89.8100858"
Memphis,Tennessee,"35.1495343, -90.0489801"
Cleveland,Tennessee,"35.1595182, -84.8766115"
Brentwood,Tennessee,"36.0331164, -86.7827772"
Smyrna,Tennessee,"35.9828412, -86.5186045"
Hendersonville,Tennessee,"36.3047735, -86.6199957"
Chattanooga,Tennessee,"35.0456297, -85.3096801"
Jackson,Tennessee,"35.6145169, -88.8139469"
Lubbock,Texas,"33.5778631, -101.8551665"
Rowlett,Texas,"32.9029017, -96.56388"
North Richland Hills,Texas,"32.8342952, -97.2289029"
Dallas,Texas,"32.7766642, -96.7969879"
Texarkana,Texas,"33.425125, -94.0476882"
The Colony,Texas,"33.0806083, -96.8928309"
Pearland,Texas,"29.5635666, -95.2860474"
Conroe,Texas,"30.3118769, -95.4560512"
San Antonio,Texas,"29.4241219, -98.4936282"
Baytown,Texas,"29.7355047, -94.9774274"
Mission,Texas,"26.2159066, -98.3252932"
Allen,Texas,"33.1031744, -96.6705503"
Abilene,Texas,"32.4487364, -99.7331439"
Wichita Falls,Texas,"33.9137085, -98.4933873"
Missouri City,Texas,"29.6185669, -95.5377215"
Pharr,Texas,"26.1947962, -98.1836216"
Midland,Texas,"31.9973456, -102.0779146"
Rockwall,Texas,"32.9312336, -96.4597089"
DeSoto,Texas,"32.5896998, -96.8570738"
Bedford,Texas,"32.844017, -97.1430671"
Harlingen,Texas,"26.1906306, -97.6961026"
Denton,Texas,"33.2148412, -97.1330683"
Galveston,Texas,"29.3013479, -94.7976958"
Laredo,Texas,"27.5305671, -99.4803241"
Haltom City,Texas,"32.7995738, -97.2691817"
Sugar Land,Texas,"29.6196787, -95.6349463"
Duncanville,Texas,"32.6518004, -96.9083366"
Longview,Texas,"32.5007037, -94.7404891"
Lancaster,Texas,"32.5920798, -96.7561082"
Weslaco,Texas,"26.1595194, -97.9908366"
San Angelo,Texas,"31.4637723, -100.4370375"
McAllen,Texas,"26.2034071, -98.2300124"
McKinney,Texas,"33.1972465, -96.6397822"
Killeen,Texas,"31.1171194, -97.7277959"
Amarillo,Texas,"35.2219971, -101.8312969"
Frisco,Texas,"33.1506744, -96.8236116"
Richardson,Texas,"32.9483335, -96.7298519"
San Marcos,Texas,"29.8832749, -97.9413941"
New Braunfels,Texas,"29.7030024, -98.1244531"
Irving,Texas,"32.8140177, -96.9488945"
Euless,Texas,"32.8370727, -97.0819541"
Pasadena,Texas,"29.6910625, -95.2091006"
Houston,Texas,"29.7604267, -95.3698028"
Beaumont,Texas,"30.080174, -94.1265562"
Odessa,Texas,"31.8456816, -102.3676431"
Georgetown,Texas,"30.6332618, -97.6779842"
Keller,Texas,"32.9341893, -97.229298"
Pflugerville,Texas,"30.4393696, -97.6200043"
Victoria,Texas,"28.8052674, -97.0035982"
Wylie,Texas,"33.0151201, -96.5388789"
Carrollton,Texas,"32.9756415, -96.8899636"
Huntsville,Texas,"30.7235263, -95.5507771"
Round Rock,Texas,"30.5082551, -97.678896"
Friendswood,Texas,"29.5293998, -95.2010447"
Cedar Park,Texas,"30.505198, -97.8202888"
Bryan,Texas,"30.6743643, -96.3699632"
Hurst,Texas,"32.8234621, -97.1705678"
Plano,Texas,"33.0198431, -96.6988856"
Coppell,Texas,"32.9545687, -97.0150078"
College Station,Texas,"30.627977, -96.3344068"
Sherman,Texas,"33.6356618, -96.6088805"
Fort Worth,Texas,"32.7554883, -97.3307658"
Tyler,Texas,"32.3512601, -95.3010624"
Waco,Texas,"31.549333, -97.1466695"
Arlington,Texas,"32.735687, -97.1080656"
Lewisville,Texas,"33.046233, -96.994174"
League City,Texas,"29.5074538, -95.0949303"
Cedar Hill,Texas,"32.5884689, -96.9561152"
Corpus Christi,Texas,"27.8005828, -97.396381"
Grand Prairie,Texas,"32.7459645, -96.9977846"
Mesquite,Texas,"32.7667955, -96.5991593"
Garland,Texas,"32.912624, -96.6388833"
Port Arthur,Texas,"29.8849504, -93.939947"
Burleson,Texas,"32.5420821, -97.3208492"
El Paso,Texas,"31.7775757, -106.4424559"
Edinburg,Texas,"26.3017374, -98.1633432"
Texas City,Texas,"29.383845, -94.9027002"
Temple,Texas,"31.0982344, -97.342782"
Brownsville,Texas,"25.9017472, -97.4974838"
Flower Mound,Texas,"33.0145673, -97.0969552"
Grapevine,Texas,"32.9342919, -97.0780654"
Mansfield,Texas,"32.5631924, -97.1416768"
Austin,Texas,"30.267153, -97.7430608"
Logan,Utah,"41.7369803, -111.8338359"
Layton,Utah,"41.0602216, -111.9710529"
South Jordan,Utah,"40.5621704, -111.929658"
Bountiful,Utah,"40.8893895, -111.880771"
Provo,Utah,"40.2338438, -111.6585337"
Riverton,Utah,"40.521893, -111.9391023"
Lehi,Utah,"40.3916172, -111.8507662"
Ogden,Utah,"41.223, -111.9738304"
Murray,Utah,"40.6668916, -111.8879909"
Sandy,Utah,"40.5649781, -111.8389726"
West Valley City,Utah,"40.6916132, -112.0010501"
Orem,Utah,"40.2968979, -111.6946475"
Draper,Utah,"40.5246711, -111.8638226"
St. George,Utah,"37.0965278, -113.5684164"
West Jordan,Utah,"40.6096698, -111.9391031"
Salt Lake City,Utah,"40.7607793, -111.8910474"
Spanish Fork,Utah,"40.114955, -111.654923"
Taylorsville,Utah,"40.6677248, -111.9388258"
Roy,Utah,"41.1616108, -112.0263313"
Burlington,Vermont,"44.4758825, -73.212072"
Leesburg,Virginia,"39.1156615, -77.5636015"
Blacksburg,Virginia,"37.2295733, -80.4139393"
Roanoke,Virginia,"37.2709704, -79.9414266"
Danville,Virginia,"36.5859718, -79.3950228"
Newport News,Virginia,"37.0870821, -76.4730122"
Chesapeake,Virginia,"36.7682088, -76.2874927"
Norfolk,Virginia,"36.8507689, -76.2858726"
Harrisonburg,Virginia,"38.4495688, -78.8689155"
Manassas,Virginia,"38.7509488, -77.4752667"
Suffolk,Virginia,"36.7282054, -76.5835621"
Alexandria,Virginia,"38.8048355, -77.0469214"
Hampton,Virginia,"37.0298687, -76.3452218"
Richmond,Virginia,"37.5407246, -77.4360481"
Virginia Beach,Virginia,"36.8529263, -75.977985"
Portsmouth,Virginia,"36.8354258, -76.2982742"
Lynchburg,Virginia,"37.4137536, -79.1422464"
Charlottesville,Virginia,"38.0293059, -78.4766781"
Marysville,Washington,"48.0517637, -122.1770818"
Spokane,Washington,"47.6587802, -117.4260466"
Kennewick,Washington,"46.2112458, -119.1372338"
Bellingham,Washington,"48.74908, -122.4781473"
Lakewood,Washington,"47.1717649, -122.518458"
Burien,Washington,"47.4703767, -122.3467918"
Puyallup,Washington,"47.1853785, -122.2928974"
Bremerton,Washington,"47.5673202, -122.6329356"
Shoreline,Washington,"47.7556531, -122.3415178"
Edmonds,Washington,"47.8106521, -122.3773552"
Kent,Washington,"47.3809335, -122.2348431"
Yakima,Washington,"46.6020711, -120.5058987"
Everett,Washington,"47.9789848, -122.2020794"
Vancouver,Washington,"45.6387281, -122.6614861"
Seattle,Washington,"47.6062095, -122.3320708"
Bellevue,Washington,"47.610377, -122.2006786"
Auburn,Washington,"47.3073228, -122.2284532"
Renton,Washington,"47.4828776, -122.2170661"
Kirkland,Washington,"47.6814875, -122.2087353"
Sammamish,Washington,"47.6162683, -122.0355736"
Tacoma,Washington,"47.2528768, -122.4442906"
Pasco,Washington,"46.2395793, -119.1005657"
Redmond,Washington,"47.6739881, -122.121512"
Federal Way,Washington,"47.3223221, -122.3126222"
Olympia,Washington,"47.0378741, -122.9006951"
Spokane Valley,Washington,"47.6732281, -117.2393748"
Lacey,Washington,"47.0342629, -122.8231915"
Richland,Washington,"46.2856907, -119.2844621"
Huntington,West Virginia,"38.4192496, -82.445154"
Charleston,West Virginia,"38.3498195, -81.6326234"
New Berlin,Wisconsin,"42.9764027, -88.1084224"
La Crosse,Wisconsin,"43.8013556, -91.2395807"
West Allis,Wisconsin,"43.0166806, -88.0070315"
Waukesha,Wisconsin,"43.0116784, -88.2314813"
Wausau,Wisconsin,"44.9591352, -89.6301221"
Fond du Lac,Wisconsin,"43.7730448, -88.4470508"
Beloit,Wisconsin,"42.5083482, -89.0317765"
Brookfield,Wisconsin,"43.0605671, -88.1064787"
Eau Claire,Wisconsin,"44.811349, -91.4984941"
Greenfield,Wisconsin,"42.9614039, -88.0125865"
Kenosha,Wisconsin,"42.5847425, -87.8211854"
Appleton,Wisconsin,"44.2619309, -88.4153847"
Wauwatosa,Wisconsin,"43.0494572, -88.0075875"
Racine,Wisconsin,"42.7261309, -87.7828523"
Milwaukee,Wisconsin,"43.0389025, -87.9064736"
Oshkosh,Wisconsin,"44.0247062, -88.5426136"
Sheboygan,Wisconsin,"43.7508284, -87.71453"
Madison,Wisconsin,"43.0730517, -89.4012302"
Janesville,Wisconsin,"42.6827885, -89.0187222"
Green Bay,Wisconsin,"44.519159, -88.019826"
Cheyenne,Wyoming,"41.1399814, -104.8202462"
Casper,Wyoming,"42.866632, -106.313081"
